/* ------------------------------------------ */
/* CREACIÓN DE LA BASE DE DATOS */
/* ------------------------------------------ */
DROP DATABASE IF EXISTS RESERVAYA;
CREATE DATABASE RESERVAYA;
USE RESERVAYA;

/* ------------------------------------------ */
/* CREACIÓN DE LAS TABLAS */
/* ------------------------------------------ */

DROP TABLE IF EXISTS USUARIO;
CREATE TABLE USUARIO(
ID_USUARIO INT(11) PRIMARY KEY,
NOMBRE_USUARIO VARCHAR(70) NOT NULL,
CLAVE_USUARIO VARCHAR(20) NOT NULL,
TIPO_USUARIO ENUM('Cliente','Empleado','Administrador') NOT NULL,
ESTADO_USUARIO ENUM('Activo','Inactivo') NOT NULL
);


/* ------------------------------------------ */

DROP TABLE IF EXISTS ADMINISTRADOR;
CREATE TABLE ADMINISTRADOR(
ID_ADMIN INT(11) PRIMARY KEY,
NOMBRE_ADMIN VARCHAR(60) NOT NULL,
APELLIDO_ADMIN VARCHAR(60) NOT NULL,
EMAIL_ADMIN VARCHAR(70) UNIQUE NOT NULL,
CELULAR_ADMIN VARCHAR(10) UNIQUE NOT NULL,
ID_USUARIO INT(11) NOT NULL,
FOREIGN KEY(ID_USUARIO) REFERENCES USUARIO(ID_USUARIO)
ON UPDATE CASCADE 
ON DELETE RESTRICT
);

/* ------------------------------------------ */

DROP TABLE IF exists EMPLEADO;
CREATE TABLE EMPLEADO(
ID_EMPLEADO INT(11) PRIMARY KEY,
DOC_EMPLEADO VARCHAR(15) UNIQUE NOT NULL,
NOMBRE_EMPLEADO VARCHAR(60) NOT NULL,
APELLIDO_EMPLEADO VARCHAR(60) NOT NULL,
EMAIL_EMPLEADO VARCHAR(70) UNIQUE NOT NULL,
CELULAR_EMPLEADO VARCHAR(10) UNIQUE NOT NULL,
ID_USUARIO INT(11) NOT NULL,
FOREIGN KEY(ID_USUARIO) REFERENCES USUARIO(ID_USUARIO)
ON UPDATE CASCADE 
ON DELETE RESTRICT
);

/* ------------------------------------------ */

DROP TABLE IF EXISTS CLIENTE;
CREATE TABLE CLIENTE(
ID_CLIENTE INT(11) PRIMARY KEY,
NOMBRE_CLIENTE VARCHAR(60) NOT NULL,
APELLIDO_CLIENTE VARCHAR(60) NOT NULL,
FECHA_NACIMIENTO_CLIENTE DATE NOT NULL,
EMAIL_CLIENTE VARCHAR(70) NOT NULL UNIQUE,
CELULAR_CLIENTE VARCHAR(10) NOT NULL UNIQUE,
ID_USUARIO INT(11) NOT NULL,
FOREIGN KEY(ID_USUARIO) REFERENCES USUARIO(ID_USUARIO)
ON UPDATE CASCADE 
ON DELETE RESTRICT
);

/* ------------------------------------------ */

DROP TABLE IF EXISTS CATEGORIA_PRODUCTO;
CREATE TABLE CATEGORIA_PRODUCTO(
ID_CATEGORIA_PRODUCTO INT(11) PRIMARY KEY,
NOMBRE_CATEGORIA_PRODUCTO CHAR(100)
);

/* ------------------------------------------ */

CREATE TABLE PRODUCTO(
ID_PRODUCTO INT(11) PRIMARY KEY,
ID_CATEGORIA_PRODUCTO INT(11) NOT NULL,
NOMBRE_PRODUCTO VARCHAR(70) NOT NULL,
DESCRIPCION_PRODUCTO VARCHAR(255) NOT NULL,
CANTIDAD_PRODUCTO INT(11) NOT NULL,
VALOR_PRODUCTO REAL NOT NULL,
FOREIGN KEY (ID_CATEGORIA_PRODUCTO) REFERENCES CATEGORIA_PRODUCTO(ID_CATEGORIA_PRODUCTO)
ON UPDATE CASCADE 
ON DELETE RESTRICT
);

/* ------------------------------------------ */

CREATE TABLE USUARIO_VISUALIZA_PRODUCTO(
ID_USUARIO INT(11) NOT NULL,
ID_PRODUCTO INT(11) NOT NULL,
FOREIGN KEY (ID_USUARIO) REFERENCES USUARIO(ID_USUARIO)
ON UPDATE CASCADE 
ON DELETE RESTRICT,
FOREIGN KEY (ID_PRODUCTO) REFERENCES PRODUCTO(ID_PRODUCTO)
ON UPDATE CASCADE 
ON DELETE RESTRICT
);

/* ------------------------------------------ */

DROP TABLE IF exists PROVEEDOR;
CREATE TABLE PROVEEDOR(
ID_PROVEEDOR INT(11) PRIMARY KEY,
NOMBRE_PROVEEDOR VARCHAR(70) NOT NULL,
DIRECCION_PROVEEDOR VARCHAR(100) NOT NULL,
PERSONA_ENCARGADA VARCHAR(70) NOT NULL,
TELEFONO_PROVEEDOR INT(10) NOT NULL
);

/* ------------------------------------------ */

DROP TABLE IF exists CATEGORIA_INSUMO;
CREATE TABLE CATEGORIA_INSUMO(
ID_CATEGORIA_INSUMO INT(11) PRIMARY KEY,
NOMBRE_CATEGORIA_INSUMO VARCHAR(100)
);

/* ------------------------------------------ */

DROP TABLE IF EXISTS INSUMO;
CREATE TABLE INSUMO(
ID_INSUMO INT(11) PRIMARY KEY,
NOMBRE_INSUMO VARCHAR(70) NOT NULL,
CANTIDAD_INSUMO INT(11) NOT NULL,
FECHA_COMPRA_INSUMO DATE NOT NULL,
VALOR_INSUMO DOUBLE NOT NULL,
ID_PROVEEDOR INT(11) NOT NULL,
ID_CATEGORIA_INSUMO INT(11) NOT NULL,
FOREIGN KEY(ID_PROVEEDOR) REFERENCES PROVEEDOR(ID_PROVEEDOR)
ON UPDATE CASCADE 
ON DELETE RESTRICT,
FOREIGN KEY(ID_CATEGORIA_INSUMO) REFERENCES CATEGORIA_INSUMO(ID_CATEGORIA_INSUMO)
ON UPDATE CASCADE 
ON DELETE RESTRICT
);

/* ------------------------------------------ */

DROP TABLE IF exists USUARIO_ACCEDE_INSUMO;
CREATE TABLE USUARIO_ACCEDE_INSUMO(
ID_USUARIO INT(11) NOT NULL,
ID_INSUMO INT(11) NOT NULL,
FOREIGN KEY(ID_USUARIO) REFERENCES USUARIO(ID_USUARIO)
ON UPDATE CASCADE 
ON DELETE RESTRICT,
FOREIGN KEY (ID_INSUMO) REFERENCES INSUMO(ID_INSUMO)
ON UPDATE CASCADE 
ON DELETE RESTRICT 
);

/* ------------------------------------------ */

DROP TABLE IF exists MESA;
CREATE TABLE MESA(
ID_MESA INT(6) PRIMARY KEY,
CAPACIDAD_MESA INT(2) NOT NULL,
ESTADO_MESA ENUM('Disponible','Ocupada') NOT NULL
);

/* ------------------------------------------ */

DROP TABLE IF EXISTS RESERVACION;
CREATE TABLE RESERVACION(
ID_RESERVACION INT(11) PRIMARY KEY,
ID_CLIENTE INT(11) NOT NULL,
FECHA_RESERVACION DATE NOT NULL,
HORA_RESERVACION TIME NOT NULL,
ESTADO_RESERVACION ENUM('Activa','Completada','Cancelada') NOT NULL,
FOREIGN KEY(ID_CLIENTE) REFERENCES CLIENTE(ID_CLIENTE)
ON UPDATE CASCADE 
ON DELETE RESTRICT
);

/* ------------------------------------------ */

DROP TABLE IF exists RESERVACION_RESERVA_MESA;
CREATE TABLE RESERVACION_RESERVA_MESA(
ID_RESERVACION INT(11) NOT NULL,
ID_MESA INT(11) NOT NULL,
FOREIGN KEY(ID_RESERVACION) REFERENCES RESERVACION(ID_RESERVACION)
ON UPDATE CASCADE 
ON DELETE RESTRICT,
FOREIGN KEY(ID_MESA) REFERENCES MESA(ID_MESA)
ON UPDATE CASCADE 
ON DELETE RESTRICT
);


/* ------------------------------------------ */
/* INSERCIÓN DE REGISTROS */
/* ------------------------------------------ */

/* TABLA USUARIO */
INSERT INTO USUARIO (ID_USUARIO,NOMBRE_USUARIO,CLAVE_USUARIO,TIPO_USUARIO,ESTADO_USUARIO) VALUES (1,'SANTIAGO VELASQUEZ','OLEO36EY&ññ','1','1');
INSERT INTO USUARIO (ID_USUARIO,NOMBRE_USUARIO,CLAVE_USUARIO,TIPO_USUARIO,ESTADO_USUARIO) VALUES (2,'DANIEL ORTIZ','iaudn%#QYhu','1','1');
INSERT INTO USUARIO (ID_USUARIO,NOMBRE_USUARIO,CLAVE_USUARIO,TIPO_USUARIO,ESTADO_USUARIO) VALUES (3,'JOEL GOMEZ','ÑOJSN98UA?','1','2');
INSERT INTO USUARIO (ID_USUARIO,NOMBRE_USUARIO,CLAVE_USUARIO,TIPO_USUARIO,ESTADO_USUARIO) VALUES (4,'ALEJANDRA QUITIAN','PIOAWJD98/','3','1');
INSERT INTO USUARIO (ID_USUARIO,NOMBRE_USUARIO,CLAVE_USUARIO,TIPO_USUARIO,ESTADO_USUARIO) VALUES (5,'DAVID MARTINEZ','KYAGHSVDBW78','2','1');

/* ------------------------------------------ */

/* TABLA ADMINISTRADOR */
INSERT INTO ADMINISTRADOR (ID_ADMIN,NOMBRE_ADMIN,APELLIDO_ADMIN,EMAIL_ADMIN,CELULAR_ADMIN,ID_USUARIO) VALUES (501,'SERGIO DANIEL','AYALA ORTIZ', 'dayala-admin@andevsoft.com', 3132021021,1);
INSERT INTO ADMINISTRADOR (ID_ADMIN,NOMBRE_ADMIN,APELLIDO_ADMIN,EMAIL_ADMIN,CELULAR_ADMIN,ID_USUARIO) VALUES (502,'FABIAN DAVID','COMBITA MARTINEZ', 'fcombita-admin@andevsoft.com', 3120210215,2);
INSERT INTO ADMINISTRADOR (ID_ADMIN,NOMBRE_ADMIN,APELLIDO_ADMIN,EMAIL_ADMIN,CELULAR_ADMIN,ID_USUARIO) VALUES (503,'DANIEL SANTIAGO','CARRILLO VELASQUEZ', 'dcarrillo-admin@andevsoft.com',3202102150,3);
INSERT INTO ADMINISTRADOR (ID_ADMIN,NOMBRE_ADMIN,APELLIDO_ADMIN,EMAIL_ADMIN,CELULAR_ADMIN,ID_USUARIO) VALUES (504,'ALLAN JOEL','PAEZ', 'apaez-admin@andevsoft.com', 3021021502,4);
INSERT INTO ADMINISTRADOR (ID_ADMIN,NOMBRE_ADMIN,APELLIDO_ADMIN,EMAIL_ADMIN,CELULAR_ADMIN,ID_USUARIO) VALUES (505,'MARIA ALEJANDRA','NIÑO QUITIÁN', 'mnino-admin@andevsoft.com', 3202019071,5);

/* ------------------------------------------ */

/* TABLA EMPLEADO */
INSERT INTO EMPLEADO (ID_EMPLEADO,DOC_EMPLEADO,NOMBRE_EMPLEADO,APELLIDO_EMPLEADO, EMAIL_EMPLEADO,CELULAR_EMPLEADO,ID_USUARIO) VALUES (401,2021021500101,'SERGIO DANIEL','AYALA ORTIZ', 'dayala@andevsoft.com', 3132021021,1);
INSERT INTO EMPLEADO (ID_EMPLEADO,DOC_EMPLEADO,NOMBRE_EMPLEADO,APELLIDO_EMPLEADO, EMAIL_EMPLEADO,CELULAR_EMPLEADO,ID_USUARIO) VALUES (402,2021021500102,'FABIAN DAVID','COMBITA MARTINEZ', 'fcombita@andevsoft.com', 3120210215,2);
INSERT INTO EMPLEADO (ID_EMPLEADO,DOC_EMPLEADO,NOMBRE_EMPLEADO,APELLIDO_EMPLEADO, EMAIL_EMPLEADO,CELULAR_EMPLEADO,ID_USUARIO) VALUES (403,2021021500103,'DANIEL SANTIAGO','CARRILLO VELASQUEZ', 'dcarrillo@andevsoft.com', 3202102150,3);
INSERT INTO EMPLEADO (ID_EMPLEADO,DOC_EMPLEADO,NOMBRE_EMPLEADO,APELLIDO_EMPLEADO, EMAIL_EMPLEADO,CELULAR_EMPLEADO,ID_USUARIO) VALUES (404,2021021500104,'ALLAN JOEL','PAEZ', 'apaez@andevsoft.com', 3021021502,4);
INSERT INTO EMPLEADO (ID_EMPLEADO,DOC_EMPLEADO,NOMBRE_EMPLEADO,APELLIDO_EMPLEADO, EMAIL_EMPLEADO,CELULAR_EMPLEADO,ID_USUARIO) VALUES (405,2021021500105,'MARIA ALEJANDRA','NIÑO QUITIÁN', 'mnino@andevsoft.com', 3202019071,5);

/* ------------------------------------------ */

/* TABLA CLIENTE */
INSERT INTO CLIENTE (ID_CLIENTE,NOMBRE_CLIENTE,APELLIDO_CLIENTE,FECHA_NACIMIENTO_CLIENTE,EMAIL_CLIENTE,CELULAR_CLIENTE,ID_USUARIO) VALUES (301,'FABIAN','COMBITA','1998-10-06','fdcombita38943@gmail.com',3546574543,1);
INSERT INTO CLIENTE (ID_CLIENTE,NOMBRE_CLIENTE,APELLIDO_CLIENTE,FECHA_NACIMIENTO_CLIENTE,EMAIL_CLIENTE,CELULAR_CLIENTE,ID_USUARIO) VALUES( 302,'OSCAR','BLANCARTE','1980-03-19','oscarblanca986@gmail.com',3691234697,2);
INSERT INTO CLIENTE (ID_CLIENTE,NOMBRE_CLIENTE,APELLIDO_CLIENTE,FECHA_NACIMIENTO_CLIENTE,EMAIL_CLIENTE,CELULAR_CLIENTE,ID_USUARIO) VALUES( 303,'ALEJANDRA','FARFAN','2000-09-20','alejafarfan89@gmail.com',3178964123,4);
INSERT INTO CLIENTE (ID_CLIENTE,NOMBRE_CLIENTE,APELLIDO_CLIENTE,FECHA_NACIMIENTO_CLIENTE,EMAIL_CLIENTE,CELULAR_CLIENTE,ID_USUARIO) VALUES( 304,'ALISON','QUITIAN','2001-03-31','alison98quiti@gmail.com',3112498534,3);
INSERT INTO CLIENTE (ID_CLIENTE,NOMBRE_CLIENTE,APELLIDO_CLIENTE,FECHA_NACIMIENTO_CLIENTE,EMAIL_CLIENTE,CELULAR_CLIENTE,ID_USUARIO) VALUES( 305,'BRAYAN','GOMEZ','1970-04-19','brayanz65@gmail.com',3203648761,5);

/* ------------------------------------------ */

/* TABLA CATEGORIA_PRODUCTO */
INSERT INTO  CATEGORIA_PRODUCTO (ID_CATEGORIA_PRODUCTO, NOMBRE_CATEGORIA_PRODUCTO) VALUES (1,'Hamburguesas');
INSERT INTO  CATEGORIA_PRODUCTO (ID_CATEGORIA_PRODUCTO, NOMBRE_CATEGORIA_PRODUCTO) VALUES (2,'Perros calientes');
INSERT INTO  CATEGORIA_PRODUCTO (ID_CATEGORIA_PRODUCTO,NOMBRE_CATEGORIA_PRODUCTO) VALUES (3,'Cervezas');
INSERT INTO  CATEGORIA_PRODUCTO (ID_CATEGORIA_PRODUCTO, NOMBRE_CATEGORIA_PRODUCTO) VALUES (4,'Cocteles');

/* ------------------------------------------ */

/* TABLA PRODUCTO */
INSERT INTO PRODUCTO (ID_PRODUCTO,Nombre_Producto,Descripcion_Producto,Id_Categoria_Producto,Cantidad_Producto,Valor_Producto) VALUES (601,'Hamburguesa doble','Hamburguesa con tomate,lechuga,doble carne de res,junto con todas las salsas de la casa ',1,100,14000);
INSERT INTO PRODUCTO (ID_PRODUCTO,Nombre_Producto,Descripcion_Producto,Id_Categoria_Producto,Cantidad_Producto,Valor_Producto) VALUES (602,'Hamburguesa sencilla','Hamburguesa con tomate,lechuga, carne de res,junto con todas las salsas de la casa menos la especial bbq ',1,110,7000);
INSERT INTO PRODUCTO (ID_PRODUCTO,Nombre_Producto,Descripcion_Producto,Id_Categoria_Producto,Cantidad_Producto,Valor_Producto) VALUES (603,'Hamburguesa doble de pollo','Hamburguesa con tomate,lechuga,doble carne de pollo,junto con todas las salsas de la casa,con tocineta ',1,80,18000);
INSERT INTO PRODUCTO (ID_PRODUCTO,Nombre_Producto,Descripcion_Producto,Id_Categoria_Producto,Cantidad_Producto,Valor_Producto) VALUES (604,'Hamburguesa de pollo','Hamburguesa con tomate,lechuga,doble carne de res,junto con todas las salsas de la casa menos la especial bbq',1,100,12000);

/* ------------------------------------------ */

/* TABLA USUARIO_VISUALIZA_PRODUCTO*/
INSERT INTO USUARIO_VISUALIZA_PRODUCTO(ID_USUARIO,ID_PRODUCTO) VALUES(1,601);
INSERT INTO USUARIO_VISUALIZA_PRODUCTO(ID_USUARIO,ID_PRODUCTO) VALUES(2,604);
INSERT INTO USUARIO_VISUALIZA_PRODUCTO(ID_USUARIO,ID_PRODUCTO) VALUES(3,602);
INSERT INTO USUARIO_VISUALIZA_PRODUCTO(ID_USUARIO,ID_PRODUCTO) VALUES(4,603);
INSERT INTO USUARIO_VISUALIZA_PRODUCTO(ID_USUARIO,ID_PRODUCTO) VALUES(4,604);

/* ------------------------------------------ */

/* TABLA PROVEEDOR */
INSERT INTO PROVEEDOR (ID_PROVEEDOR,Nombre_Proveedor,Direccion_Proveedor,Persona_Encargada,Telefono_Proveedor) VALUES (701,'SERGIO S.A.S','CARRERA 79','SERGIO AYALA',1111111);
INSERT INTO PROVEEDOR (ID_PROVEEDOR,Nombre_Proveedor,Direccion_Proveedor,Persona_Encargada,Telefono_Proveedor) VALUES (702,'DANIEL S.A.S','CARRERA 26','DANIEL CARRILLO',2222222);
INSERT INTO PROVEEDOR (ID_PROVEEDOR,Nombre_Proveedor,Direccion_Proveedor,Persona_Encargada,Telefono_Proveedor) VALUES (703,'ALEJANDRA S.A.S','CALLE 90','MARIA NINO',3333333);
INSERT INTO PROVEEDOR (ID_PROVEEDOR,Nombre_Proveedor,Direccion_Proveedor,Persona_Encargada,Telefono_Proveedor) VALUES (704,'ALLAN S.A.S','CALLE 10','ALLAN PAEZ',4444444);
INSERT INTO PROVEEDOR (ID_PROVEEDOR,Nombre_Proveedor,Direccion_Proveedor,Persona_Encargada,Telefono_Proveedor) VALUES (705,'FABIAN S.A.S','CALLE 9','FABIAN COMBITA',5555555);

/* ------------------------------------------ */

/* TABLA CATEGORIA_INSUMO */
INSERT INTO CATEGORIA_INSUMO (ID_CATEGORIA_INSUMO,NOMBRE_CATEGORIA_INSUMO) VALUES(801,'Carnes');
INSERT INTO CATEGORIA_INSUMO (ID_CATEGORIA_INSUMO,NOMBRE_CATEGORIA_INSUMO) VALUES(802,'Granos');
INSERT INTO CATEGORIA_INSUMO (ID_CATEGORIA_INSUMO,NOMBRE_CATEGORIA_INSUMO) VALUES(803,'Lacteos');
INSERT INTO CATEGORIA_INSUMO (ID_CATEGORIA_INSUMO,NOMBRE_CATEGORIA_INSUMO) VALUES(804,'Licores');
INSERT INTO CATEGORIA_INSUMO (ID_CATEGORIA_INSUMO,NOMBRE_CATEGORIA_INSUMO) VALUES(805,'Verduras');

/* ------------------------------------------ */

/* TABLA INSUMO */
INSERT INTO  Insumo (ID_INSUMO,Nombre_Insumo,Cantidad_Insumo,Fecha_Compra_Insumo,Valor_Insumo,Id_Proveedor,ID_CATEGORIA_INSUMO) VALUES (901,'Carne de res',400,'2020-12-10','3000',701,801);
INSERT INTO  Insumo (ID_INSUMO,Nombre_Insumo,Cantidad_Insumo,Fecha_Compra_Insumo,Valor_Insumo,Id_Proveedor,ID_CATEGORIA_INSUMO) VALUES (902,'Carne de pollo',400,'2020-12-03','3500',702,801);
INSERT INTO  Insumo (ID_INSUMO,Nombre_Insumo,Cantidad_Insumo,Fecha_Compra_Insumo,Valor_Insumo,Id_Proveedor,ID_CATEGORIA_INSUMO) VALUES (903,'cerveza aguila',600,'2020-12-30','1200',705,804);
INSERT INTO  Insumo (ID_INSUMO,Nombre_Insumo,Cantidad_Insumo,Fecha_Compra_Insumo,Valor_Insumo,Id_Proveedor,ID_CATEGORIA_INSUMO) VALUES (904,'cerveza poker',600,'2020-05-05','1200',705,804);

/* ------------------------------------------ */

/* TABLA USUARIO_ACCEDE_INSUMO */
INSERT INTO USUARIO_ACCEDE_INSUMO(ID_USUARIO,ID_INSUMO) VALUES(5,901);
INSERT INTO USUARIO_ACCEDE_INSUMO(ID_USUARIO,ID_INSUMO) VALUES(4,901);
INSERT INTO USUARIO_ACCEDE_INSUMO(ID_USUARIO,ID_INSUMO) VALUES(2,903);
INSERT INTO USUARIO_ACCEDE_INSUMO(ID_USUARIO,ID_INSUMO) VALUES(2,902);
INSERT INTO USUARIO_ACCEDE_INSUMO(ID_USUARIO,ID_INSUMO) VALUES(3,904);

/* ------------------------------------------ */

/* TABLA MESA */
INSERT INTO MESA(ID_MESA,CAPACIDAD_MESA,ESTADO_MESA) VALUES(210,4,'1');
INSERT INTO MESA(ID_MESA,CAPACIDAD_MESA,ESTADO_MESA) VALUES(211,2,'2');
INSERT INTO MESA(ID_MESA,CAPACIDAD_MESA,ESTADO_MESA) VALUES(212,6,'1');
INSERT INTO MESA(ID_MESA,CAPACIDAD_MESA,ESTADO_MESA) VALUES(213,2,'2');
INSERT INTO MESA(ID_MESA,CAPACIDAD_MESA,ESTADO_MESA) VALUES(214,4,'2');

/* ------------------------------------------ */

/* TABLA RESERVACION */
INSERT INTO RESERVACION (ID_RESERVACION,FECHA_RESERVACION,HORA_RESERVACION,ESTADO_RESERVACION,ID_CLIENTE) VALUES (5,'2021-09-18','20:00:00','1',301);
INSERT INTO RESERVACION (ID_RESERVACION,FECHA_RESERVACION,HORA_RESERVACION,ESTADO_RESERVACION,ID_CLIENTE) VALUES (2,'2021-08-20','15:00:00','2',302);
INSERT INTO RESERVACION (ID_RESERVACION,FECHA_RESERVACION,HORA_RESERVACION,ESTADO_RESERVACION,ID_CLIENTE) VALUES (1,'2021-03-14','14:00:00','1',303);
INSERT INTO RESERVACION (ID_RESERVACION,FECHA_RESERVACION,HORA_RESERVACION,ESTADO_RESERVACION,ID_CLIENTE) VALUES (3,'2021-05-05','17:00:00','1',304);
INSERT INTO RESERVACION (ID_RESERVACION,FECHA_RESERVACION,HORA_RESERVACION,ESTADO_RESERVACION,ID_CLIENTE) VALUES (4,'2021-07-09','18:30:00','3',305);

/* ------------------------------------------ */

/* TABLA RESERVACIÓN_RESERVA_MESA */
INSERT INTO RESERVACION_RESERVA_MESA(ID_RESERVACION,ID_MESA) VALUES(2,212);
INSERT INTO RESERVACION_RESERVA_MESA(ID_RESERVACION,ID_MESA) VALUES(1,210);
INSERT INTO RESERVACION_RESERVA_MESA(ID_RESERVACION,ID_MESA) VALUES(3,211);
INSERT INTO RESERVACION_RESERVA_MESA(ID_RESERVACION,ID_MESA) VALUES(4,214);
INSERT INTO RESERVACION_RESERVA_MESA(ID_RESERVACION,ID_MESA) VALUES(5,213);



/* --------------------------------------- */
/* INNER JOIN ACCEDER TABLA INTERMEDIA */
/* --------------------------------------- */

SELECT reservacion.ESTADO_RESERVACION, reservacion.ID_RESERVACION, cliente.NOMBRE_CLIENTE, cliente.APELLIDO_CLIENTE, 
reservacion.FECHA_RESERVACION, reservacion.HORA_RESERVACION, mesa.ID_MESA
FROM reservacion_reserva_mesa
INNER JOIN reservacion ON reservacion_reserva_mesa.ID_RESERVACION = reservacion.ID_RESERVACION
INNER JOIN mesa ON reservacion_reserva_mesa.ID_MESA = mesa.ID_MESA
INNER JOIN cliente ON reservacion.ID_CLIENTE = cliente.ID_CLIENTE;
